pair,rung,cell,ticks,certificate,separation,l1,mass_error,seconds,notes
control-c6-vs-p6,control,canonical,2,two-photon,9.850953e-03,2.772567e-02,1.11e-15,0.9,
control-c6-vs-p6,control,canonical,2,one-photon,7.714278e-03,1.542856e-02,0.00e+00,1.0,
control-c6-vs-p6,control,canonical,2,coherent,8.971729e-03,3.788900e-02,3.40e-03,0.9,1 - mass is the Poisson weight beyond two photons
control-c6-vs-p6,control,canonical,3,two-photon,1.338634e-02,3.857771e-02,2.11e-15,1.0,
control-c6-vs-p6,control,canonical,3,one-photon,1.087261e-02,2.174523e-02,0.00e+00,1.1,
control-c6-vs-p6,control,canonical,3,coherent,4.436605e-02,1.914780e-01,9.90e-02,0.9,1 - mass is the Poisson weight beyond two photons
control-c6-vs-p6,control,canonical,4,two-photon,4.749746e-03,1.604476e-02,1.89e-15,0.9,
control-c6-vs-p6,control,canonical,4,one-photon,3.753218e-03,9.030109e-03,0.00e+00,1.0,
control-c6-vs-p6,control,canonical,4,coherent,3.802759e-02,1.596499e-01,2.98e-02,1.1,1 - mass is the Poisson weight beyond two photons
control-k15-vs-p6,control,canonical,2,two-photon,2.986447e-02,9.683469e-02,9.99e-16,2.2,
control-k15-vs-p6,control,canonical,2,one-photon,2.314283e-02,5.399995e-02,0.00e+00,2.4,
control-k15-vs-p6,control,canonical,2,coherent,7.201449e-02,1.573350e-01,4.43e-03,2.4,1 - mass is the Poisson weight beyond two photons
control-k15-vs-p6,control,canonical,3,two-photon,2.386843e-02,9.224497e-02,1.55e-15,2.4,
control-k15-vs-p6,control,canonical,3,one-photon,1.968847e-02,5.186573e-02,0.00e+00,2.2,
control-k15-vs-p6,control,canonical,3,coherent,1.289435e-01,5.174515e-01,9.58e-02,2.3,1 - mass is the Poisson weight beyond two photons
control-k15-vs-p6,control,canonical,4,two-photon,7.214629e-03,2.289403e-02,2.66e-15,2.5,
control-k15-vs-p6,control,canonical,4,one-photon,4.204080e-03,1.282431e-02,0.00e+00,2.4,
control-k15-vs-p6,control,canonical,4,coherent,1.216204e-01,3.356580e-01,3.10e-02,2.2,1 - mass is the Poisson weight beyond two photons
regular-24,1fwl-blind,canonical,2,two-photon,1.795101e-04,2.692652e-04,4.44e-16,4.2,
regular-24,1fwl-blind,canonical,2,one-photon,0.000000e+00,0.000000e+00,0.00e+00,4.2,
regular-24,1fwl-blind,canonical,2,coherent,0.000000e+00,0.000000e+00,3.37e-03,4.1,1 - mass is the Poisson weight beyond two photons
regular-24,1fwl-blind,canonical,3,two-photon,8.295173e-03,2.234174e-02,6.66e-16,4.1,
regular-24,1fwl-blind,canonical,3,one-photon,6.219914e-03,1.243983e-02,0.00e+00,4.3,
regular-24,1fwl-blind,canonical,3,coherent,5.551115e-17,1.162265e-16,9.90e-02,4.2,1 - mass is the Poisson weight beyond two photons
regular-24,1fwl-blind,canonical,4,two-photon,8.759419e-03,2.476671e-02,1.89e-15,4.4,
regular-24,1fwl-blind,canonical,4,one-photon,6.751017e-03,1.384365e-02,0.00e+00,4.4,
regular-24,1fwl-blind,canonical,4,coherent,2.775558e-17,5.984796e-17,2.98e-02,4.2,1 - mass is the Poisson weight beyond two photons
regular-47,1fwl-blind,canonical,2,two-photon,9.701731e-05,1.455260e-04,3.33e-16,9.8,
regular-47,1fwl-blind,canonical,2,one-photon,0.000000e+00,0.000000e+00,0.00e+00,9.5,
regular-47,1fwl-blind,canonical,2,coherent,0.000000e+00,0.000000e+00,3.37e-03,9.8,1 - mass is the Poisson weight beyond two photons
regular-47,1fwl-blind,canonical,3,two-photon,2.830413e-04,1.738595e-03,3.33e-16,9.8,
regular-47,1fwl-blind,canonical,3,one-photon,1.534922e-04,9.209530e-04,0.00e+00,9.9,
regular-47,1fwl-blind,canonical,3,coherent,5.551115e-17,6.245005e-17,9.90e-02,9.3,1 - mass is the Poisson weight beyond two photons
regular-47,1fwl-blind,canonical,4,two-photon,2.410246e-03,7.091198e-03,1.67e-15,10.1,
regular-47,1fwl-blind,canonical,4,one-photon,1.812773e-03,3.940730e-03,0.00e+00,10.0,
regular-47,1fwl-blind,canonical,4,coherent,5.551115e-17,1.136244e-16,2.98e-02,9.9,1 - mass is the Poisson weight beyond two photons
extension-09,1fwl-blind,canonical,2,two-photon,5.345467e-05,8.018201e-05,7.77e-16,3.5,
extension-09,1fwl-blind,canonical,2,one-photon,2.775558e-17,4.163336e-17,0.00e+00,3.4,
extension-09,1fwl-blind,canonical,2,coherent,2.775558e-17,7.762888e-17,3.41e-03,3.4,1 - mass is the Poisson weight beyond two photons
extension-09,1fwl-blind,canonical,3,two-photon,3.036237e-03,8.264660e-03,8.88e-16,3.4,
control-c6-vs-p6,control,grover,2,two-photon,0.000000e+00,0.000000e+00,0.00e+00,0.2,
control-c6-vs-p6,control,grover,2,one-photon,0.000000e+00,0.000000e+00,0.00e+00,0.2,
control-c6-vs-p6,control,grover,2,coherent,0.000000e+00,0.000000e+00,8.03e-02,0.2,1 - mass is the Poisson weight beyond two photons
control-c6-vs-p6,control,grover,3,two-photon,0.000000e+00,0.000000e+00,0.00e+00,0.2,
control-c6-vs-p6,control,grover,3,one-photon,0.000000e+00,0.000000e+00,0.00e+00,0.2,
control-c6-vs-p6,control,grover,3,coherent,0.000000e+00,0.000000e+00,3.02e-02,0.2,1 - mass is the Poisson weight beyond two photons
control-c6-vs-p6,control,grover,4,two-photon,0.000000e+00,0.000000e+00,0.00e+00,0.2,
control-c6-vs-p6,control,grover,4,one-photon,0.000000e+00,0.000000e+00,0.00e+00,0.2,
control-c6-vs-p6,control,grover,4,coherent,0.000000e+00,0.000000e+00,1.44e-02,0.2,1 - mass is the Poisson weight beyond two photons
control-k15-vs-p6,control,grover,2,two-photon,0.000000e+00,0.000000e+00,0.00e+00,0.4,
control-k15-vs-p6,control,grover,2,one-photon,0.000000e+00,0.000000e+00,0.00e+00,0.4,
control-k15-vs-p6,control,grover,2,coherent,0.000000e+00,0.000000e+00,8.03e-02,0.4,1 - mass is the Poisson weight beyond two photons
control-k15-vs-p6,control,grover,3,two-photon,0.000000e+00,0.000000e+00,0.00e+00,0.4,
control-k15-vs-p6,control,grover,3,one-photon,0.000000e+00,0.000000e+00,0.00e+00,0.4,
control-k15-vs-p6,control,grover,3,coherent,0.000000e+00,0.000000e+00,3.02e-02,0.4,1 - mass is the Poisson weight beyond two photons
control-k15-vs-p6,control,grover,4,two-photon,0.000000e+00,0.000000e+00,0.00e+00,0.4,
control-k15-vs-p6,control,grover,4,one-photon,0.000000e+00,0.000000e+00,0.00e+00,0.4,
control-k15-vs-p6,control,grover,4,coherent,0.000000e+00,0.000000e+00,1.44e-02,0.4,1 - mass is the Poisson weight beyond two photons
control-c6-vs-p6,control,ladder,2,two-photon,3.451673e-04,1.115541e-03,6.66e-16,1.1,
control-c6-vs-p6,control,ladder,2,one-photon,1.849619e-04,3.699239e-04,0.00e+00,1.1,
control-c6-vs-p6,control,ladder,2,coherent,3.567190e-03,1.270480e-02,1.17e-02,1.1,1 - mass is the Poisson weight beyond two photons
control-c6-vs-p6,control,ladder,3,two-photon,7.019539e-04,2.962262e-03,6.66e-16,1.0,
control-c6-vs-p6,control,ladder,3,one-photon,7.587817e-04,1.744667e-03,0.00e+00,1.0,
control-c6-vs-p6,control,ladder,3,coherent,9.396090e-03,4.897647e-02,1.89e-02,1.0,1 - mass is the Poisson weight beyond two photons
control-c6-vs-p6,control,ladder,4,two-photon,1.926908e-03,6.611686e-03,1.55e-15,1.0,
control-c6-vs-p6,control,ladder,4,one-photon,1.987843e-03,3.975687e-03,0.00e+00,1.0,
control-c6-vs-p6,control,ladder,4,coherent,1.869376e-02,7.071584e-02,7.45e-03,1.0,1 - mass is the Poisson weight beyond two photons
control-k15-vs-p6,control,ladder,2,two-photon,8.311606e-04,2.381391e-03,2.22e-16,2.6,
control-k15-vs-p6,control,ladder,2,one-photon,4.724340e-04,9.929737e-04,0.00e+00,2.6,
control-k15-vs-p6,control,ladder,2,coherent,7.877249e-03,2.626552e-02,1.12e-02,2.6,1 - mass is the Poisson weight beyond two photons
control-k15-vs-p6,control,ladder,3,two-photon,1.145090e-03,5.004161e-03,2.33e-15,2.8,
control-k15-vs-p6,control,ladder,3,one-photon,1.180565e-03,2.913830e-03,0.00e+00,2.8,
control-k15-vs-p6,control,ladder,3,coherent,7.977693e-03,3.826553e-02,2.09e-02,2.8,1 - mass is the Poisson weight beyond two photons
control-k15-vs-p6,control,ladder,4,two-photon,2.613478e-03,9.807817e-03,6.66e-16,2.4,
control-k15-vs-p6,control,ladder,4,one-photon,2.714190e-03,5.864889e-03,0.00e+00,2.4,
control-k15-vs-p6,control,ladder,4,coherent,1.657022e-02,7.906054e-02,9.28e-03,2.4,1 - mass is the Poisson weight beyond two photons
regular-24,1fwl-blind,ladder,2,two-photon,2.035445e-08,3.053168e-08,1.78e-15,4.0,
regular-24,1fwl-blind,ladder,2,one-photon,0.000000e+00,0.000000e+00,0.00e+00,4.0,
regular-24,1fwl-blind,ladder,2,coherent,1.387779e-17,1.431147e-17,1.15e-02,4.0,1 - mass is the Poisson weight beyond two photons
regular-24,1fwl-blind,ladder,3,two-photon,1.609695e-04,6.743554e-04,4.44e-16,4.3,
regular-24,1fwl-blind,ladder,3,one-photon,2.074497e-04,4.148993e-04,0.00e+00,4.3,
regular-24,1fwl-blind,ladder,3,coherent,0.000000e+00,0.000000e+00,1.18e-02,4.3,1 - mass is the Poisson weight beyond two photons
regular-24,1fwl-blind,ladder,4,two-photon,1.483227e-04,5.649685e-04,8.88e-16,4.5,
regular-24,1fwl-blind,ladder,4,one-photon,1.359301e-04,3.230737e-04,0.00e+00,4.5,
regular-24,1fwl-blind,ladder,4,coherent,6.938894e-18,7.372575e-18,6.23e-03,4.5,1 - mass is the Poisson weight beyond two photons
regular-47,1fwl-blind,ladder,2,two-photon,2.567783e-08,3.851675e-08,4.44e-16,10.1,
regular-47,1fwl-blind,ladder,2,one-photon,0.000000e+00,0.000000e+00,0.00e+00,10.1,
regular-47,1fwl-blind,ladder,2,coherent,0.000000e+00,0.000000e+00,1.12e-02,10.1,1 - mass is the Poisson weight beyond two photons
regular-47,1fwl-blind,ladder,3,two-photon,2.294425e-05,1.234303e-04,1.44e-15,10.5,
regular-47,1fwl-blind,ladder,3,one-photon,3.209410e-05,7.545406e-05,0.00e+00,10.5,
regular-47,1fwl-blind,ladder,3,coherent,0.000000e+00,0.000000e+00,1.04e-02,10.5,1 - mass is the Poisson weight beyond two photons
regular-47,1fwl-blind,ladder,4,two-photon,1.527163e-04,5.040558e-04,2.22e-15,10.8,
regular-47,1fwl-blind,ladder,4,one-photon,1.485283e-04,2.970566e-04,0.00e+00,10.8,
regular-47,1fwl-blind,ladder,4,coherent,2.081668e-17,3.686287e-17,8.22e-03,10.8,1 - mass is the Poisson weight beyond two photons
extension-09,1fwl-blind,ladder,2,two-photon,2.627953e-09,3.941930e-09,1.33e-15,3.8,
extension-09,1fwl-blind,ladder,2,one-photon,5.551115e-17,5.551115e-17,0.00e+00,3.8,
extension-09,1fwl-blind,ladder,2,coherent,1.387779e-17,1.387779e-17,1.14e-02,3.8,1 - mass is the Poisson weight beyond two photons
extension-09,1fwl-blind,ladder,3,two-photon,2.965906e-05,1.174889e-04,2.22e-16,3.7,
extension-09,1fwl-blind,ladder,3,one-photon,3.551096e-05,7.102192e-05,0.00e+00,3.7,
extension-09,1fwl-blind,ladder,3,coherent,2.081668e-17,2.949030e-17,1.46e-02,3.7,1 - mass is the Poisson weight beyond two photons
extension-09,1fwl-blind,ladder,4,two-photon,2.691292e-04,8.757740e-04,8.88e-16,3.8,
extension-09,1fwl-blind,ladder,4,one-photon,2.542822e-04,5.085643e-04,0.00e+00,3.8,
extension-09,1fwl-blind,ladder,4,coherent,1.387779e-17,2.179246e-17,6.47e-03,3.8,1 - mass is the Poisson weight beyond two photons
extension-43,1fwl-blind,ladder,2,two-photon,2.627953e-09,3.941930e-09,1.11e-15,3.5,
extension-43,1fwl-blind,ladder,2,one-photon,0.000000e+00,0.000000e+00,0.00e+00,3.5,
extension-43,1fwl-blind,ladder,2,coherent,1.387779e-17,1.387779e-17,1.06e-02,3.5,1 - mass is the Poisson weight beyond two photons
extension-43,1fwl-blind,ladder,3,two-photon,2.867985e-05,1.170045e-04,5.55e-16,3.7,
extension-43,1fwl-blind,ladder,3,one-photon,3.551096e-05,7.102192e-05,0.00e+00,3.7,
extension-43,1fwl-blind,ladder,3,coherent,0.000000e+00,0.000000e+00,1.45e-02,3.7,1 - mass is the Poisson weight beyond two photons
extension-43,1fwl-blind,ladder,4,two-photon,1.903498e-04,6.319038e-04,1.11e-16,3.8,
extension-43,1fwl-blind,ladder,4,one-photon,1.841298e-04,3.682597e-04,0.00e+00,3.8,
extension-43,1fwl-blind,ladder,4,coherent,1.387779e-17,4.282599e-17,8.99e-03,3.8,1 - mass is the Poisson weight beyond two photons
classic-2c3-vs-c6,1fwl-blind,ladder,2,two-photon,6.298010e-07,9.447015e-07,6.66e-16,1.3,
classic-2c3-vs-c6,1fwl-blind,ladder,2,one-photon,0.000000e+00,0.000000e+00,0.00e+00,1.3,
classic-2c3-vs-c6,1fwl-blind,ladder,2,coherent,0.000000e+00,0.000000e+00,1.17e-02,1.3,1 - mass is the Poisson weight beyond two photons
classic-2c3-vs-c6,1fwl-blind,ladder,3,two-photon,4.533918e-04,1.923474e-03,6.66e-16,1.1,
classic-2c3-vs-c6,1fwl-blind,ladder,3,one-photon,6.027345e-04,1.205469e-03,0.00e+00,1.1,
classic-2c3-vs-c6,1fwl-blind,ladder,3,coherent,0.000000e+00,0.000000e+00,1.59e-02,1.1,1 - mass is the Poisson weight beyond two photons
classic-2c3-vs-c6,1fwl-blind,ladder,4,two-photon,1.135397e-03,3.858765e-03,2.44e-15,1.1,
classic-2c3-vs-c6,1fwl-blind,ladder,4,one-photon,1.153946e-03,2.307892e-03,0.00e+00,1.1,
classic-2c3-vs-c6,1fwl-blind,ladder,4,coherent,2.081668e-17,2.320193e-17,5.43e-03,1.1,1 - mass is the Poisson weight beyond two photons
str-00,2fwl-blind,ladder,2,two-photon,5.551115e-17,2.289835e-16,1.78e-15,143.4,
str-00,2fwl-blind,ladder,2,one-photon,5.551115e-17,1.110223e-16,0.00e+00,143.4,
str-00,2fwl-blind,ladder,2,coherent,1.040834e-17,2.135878e-17,1.08e-02,143.4,1 - mass is the Poisson weight beyond two photons
control-c6-vs-p6,control,generic,2,two-photon,4.616875e-02,1.498001e-01,1.33e-15,1.0,
control-c6-vs-p6,control,generic,2,one-photon,3.921120e-02,7.842240e-02,0.00e+00,1.0,
control-c6-vs-p6,control,generic,2,coherent,3.290864e-02,1.188424e-01,3.71e-02,1.0,1 - mass is the Poisson weight beyond two photons
control-c6-vs-p6,control,generic,3,two-photon,2.790454e-02,8.813759e-02,1.44e-15,0.9,
control-c6-vs-p6,control,generic,3,one-photon,1.948070e-02,4.411643e-02,0.00e+00,0.9,
control-c6-vs-p6,control,generic,3,coherent,2.820123e-02,1.067946e-01,2.05e-02,0.9,1 - mass is the Poisson weight beyond two photons
control-c6-vs-p6,control,generic,4,two-photon,1.694175e-02,4.429680e-02,1.33e-15,0.9,
control-c6-vs-p6,control,generic,4,one-photon,1.036994e-02,2.073989e-02,0.00e+00,0.9,
control-c6-vs-p6,control,generic,4,coherent,4.371549e-02,1.825094e-01,2.17e-02,0.9,1 - mass is the Poisson weight beyond two photons
control-k15-vs-p6,control,generic,2,two-photon,5.096538e-02,2.685888e-01,1.33e-15,3.1,
control-k15-vs-p6,control,generic,2,one-photon,4.818416e-02,1.411845e-01,0.00e+00,3.1,
control-k15-vs-p6,control,generic,2,coherent,5.567267e-02,2.913669e-01,3.71e-02,3.1,1 - mass is the Poisson weight beyond two photons
control-k15-vs-p6,control,generic,3,two-photon,3.130708e-02,1.286505e-01,7.77e-16,2.4,
control-k15-vs-p6,control,generic,3,one-photon,1.646335e-02,5.806462e-02,0.00e+00,2.4,
control-k15-vs-p6,control,generic,3,coherent,1.279151e-01,4.910153e-01,2.05e-02,2.4,1 - mass is the Poisson weight beyond two photons
control-k15-vs-p6,control,generic,4,two-photon,2.217744e-02,6.661195e-02,1.33e-15,2.7,
control-k15-vs-p6,control,generic,4,one-photon,1.166125e-02,2.834059e-02,0.00e+00,2.7,
control-k15-vs-p6,control,generic,4,coherent,1.561791e-01,5.486692e-01,1.84e-02,2.7,1 - mass is the Poisson weight beyond two photons
regular-24,1fwl-blind,generic,2,two-photon,2.782984e-03,9.567221e-03,2.11e-15,4.3,
regular-24,1fwl-blind,generic,2,one-photon,1.522531e-03,5.001703e-03,0.00e+00,4.3,
regular-24,1fwl-blind,generic,2,coherent,6.507840e-03,2.436745e-02,1.45e-03,4.3,1 - mass is the Poisson weight beyond two photons
regular-24,1fwl-blind,generic,3,two-photon,7.982631e-03,3.758977e-02,8.88e-16,4.2,
regular-24,1fwl-blind,generic,3,one-photon,4.493878e-03,1.986437e-02,0.00e+00,4.2,
regular-24,1fwl-blind,generic,3,coherent,3.986427e-02,1.721930e-01,6.98e-03,4.2,1 - mass is the Poisson weight beyond two photons
regular-24,1fwl-blind,generic,4,two-photon,4.389841e-03,1.714021e-02,1.22e-15,4.4,
regular-24,1fwl-blind,generic,4,one-photon,2.433159e-03,9.236761e-03,0.00e+00,4.4,
regular-24,1fwl-blind,generic,4,coherent,3.292630e-02,1.265145e-01,1.70e-03,4.4,1 - mass is the Poisson weight beyond two photons
regular-47,1fwl-blind,generic,2,two-photon,9.876855e-04,2.294322e-03,2.22e-16,9.8,
regular-47,1fwl-blind,generic,2,one-photon,5.726475e-04,1.282687e-03,0.00e+00,9.8,
regular-47,1fwl-blind,generic,2,coherent,2.513686e-02,7.049975e-02,2.11e-03,9.8,1 - mass is the Poisson weight beyond two photons
regular-47,1fwl-blind,generic,3,two-photon,2.492568e-03,8.312751e-03,1.55e-15,9.9,
regular-47,1fwl-blind,generic,3,one-photon,2.119458e-03,4.730818e-03,0.00e+00,9.9,
regular-47,1fwl-blind,generic,3,coherent,4.073768e-02,1.298680e-01,1.93e-03,9.9,1 - mass is the Poisson weight beyond two photons
regular-47,1fwl-blind,generic,4,two-photon,3.791214e-03,1.508109e-02,2.00e-15,10.0,
regular-47,1fwl-blind,generic,4,one-photon,2.869947e-03,8.250077e-03,0.00e+00,10.0,
regular-47,1fwl-blind,generic,4,coherent,1.593940e-02,6.954364e-02,2.37e-03,10.0,1 - mass is the Poisson weight beyond two photons
extension-09,1fwl-blind,generic,2,two-photon,1.974381e-02,6.627282e-02,1.44e-15,3.8,
extension-09,1fwl-blind,generic,2,one-photon,1.091480e-02,3.706404e-02,0.00e+00,3.8,
extension-09,1fwl-blind,generic,2,coherent,3.754857e-02,1.752914e-01,8.17e-03,3.8,1 - mass is the Poisson weight beyond two photons
extension-09,1fwl-blind,generic,3,two-photon,9.342212e-03,4.445591e-02,8.88e-16,4.0,
extension-09,1fwl-blind,generic,3,one-photon,6.130780e-03,2.415451e-02,0.00e+00,4.0,
extension-09,1fwl-blind,generic,3,coherent,5.693599e-02,2.074970e-01,9.29e-03,4.0,1 - mass is the Poisson weight beyond two photons
extension-09,1fwl-blind,generic,4,two-photon,4.727479e-03,1.873148e-02,2.66e-15,3.6,
extension-09,1fwl-blind,generic,4,one-photon,2.389592e-03,9.657842e-03,0.00e+00,3.6,
extension-09,1fwl-blind,generic,4,coherent,4.420543e-02,1.502656e-01,6.46e-03,3.6,1 - mass is the Poisson weight beyond two photons
extension-43,1fwl-blind,generic,2,two-photon,1.532726e-02,5.155691e-02,1.22e-15,3.7,
extension-43,1fwl-blind,generic,2,one-photon,1.385791e-02,2.920247e-02,0.00e+00,3.7,
extension-43,1fwl-blind,generic,2,coherent,2.954547e-02,1.158598e-01,1.02e-02,3.7,1 - mass is the Poisson weight beyond two photons
extension-43,1fwl-blind,generic,3,two-photon,3.193178e-03,1.371185e-02,1.33e-15,3.7,
extension-43,1fwl-blind,generic,3,one-photon,1.949414e-03,7.166346e-03,0.00e+00,3.7,
extension-43,1fwl-blind,generic,3,coherent,2.838391e-02,1.815143e-01,2.08e-02,3.7,1 - mass is the Poisson weight beyond two photons
extension-43,1fwl-blind,generic,4,two-photon,3.030179e-03,1.221010e-02,9.99e-16,3.6,
extension-43,1fwl-blind,generic,4,one-photon,1.828188e-03,6.250228e-03,0.00e+00,3.6,
extension-43,1fwl-blind,generic,4,coherent,3.868913e-02,1.607833e-01,1.32e-02,3.6,1 - mass is the Poisson weight beyond two photons
classic-2c3-vs-c6,1fwl-blind,generic,2,two-photon,6.618643e-03,2.477435e-02,1.55e-15,1.2,
classic-2c3-vs-c6,1fwl-blind,generic,2,one-photon,7.588048e-03,1.517610e-02,0.00e+00,1.2,
classic-2c3-vs-c6,1fwl-blind,generic,2,coherent,8.583714e-04,2.788107e-03,2.98e-02,1.2,1 - mass is the Poisson weight beyond two photons
classic-2c3-vs-c6,1fwl-blind,generic,3,two-photon,1.083628e-02,3.557700e-02,1.44e-15,1.0,
classic-2c3-vs-c6,1fwl-blind,generic,3,one-photon,6.137542e-03,1.929708e-02,0.00e+00,1.0,
classic-2c3-vs-c6,1fwl-blind,generic,3,coherent,4.763576e-02,2.369098e-01,1.78e-02,1.0,1 - mass is the Poisson weight beyond two photons
classic-2c3-vs-c6,1fwl-blind,generic,4,two-photon,4.141622e-03,1.991100e-02,1.11e-15,1.1,
classic-2c3-vs-c6,1fwl-blind,generic,4,one-photon,3.726062e-03,1.129160e-02,0.00e+00,1.1,
classic-2c3-vs-c6,1fwl-blind,generic,4,coherent,4.756685e-02,2.041920e-01,2.17e-02,1.1,1 - mass is the Poisson weight beyond two photons
str-00,2fwl-blind,generic,2,two-photon,1.578892e-03,9.405051e-03,5.00e-15,141.6,
str-00,2fwl-blind,generic,2,one-photon,8.033541e-04,4.819850e-03,0.00e+00,141.6,
str-00,2fwl-blind,generic,2,coherent,1.497868e-02,5.820985e-02,3.32e-03,141.6,1 - mass is the Poisson weight beyond two photons
control-c6-vs-p6,control,seed-01,2,two-photon,2.090707e-03,7.636509e-03,1.55e-15,0.9,
control-c6-vs-p6,control,seed-01,3,two-photon,3.068037e-03,1.202618e-02,1.11e-15,1.0,
control-c6-vs-p6,control,seed-01,4,two-photon,1.765498e-03,5.960448e-03,1.33e-15,0.9,
control-k15-vs-p6,control,seed-01,2,two-photon,6.254847e-03,2.734131e-02,1.33e-15,2.4,
control-k15-vs-p6,control,seed-01,3,two-photon,7.290712e-03,3.596485e-02,4.44e-16,2.2,
control-k15-vs-p6,control,seed-01,4,two-photon,3.215647e-03,1.476919e-02,1.33e-15,2.5,
regular-24,1fwl-blind,seed-01,2,two-photon,3.335741e-05,5.003612e-05,1.78e-15,4.1,
regular-24,1fwl-blind,seed-01,3,two-photon,2.059728e-03,7.276955e-03,1.78e-15,4.3,
regular-24,1fwl-blind,seed-01,4,two-photon,4.298058e-04,1.337991e-03,2.22e-15,4.2,
regular-47,1fwl-blind,seed-01,2,two-photon,4.058731e-06,6.088097e-06,9.99e-16,9.5,
regular-47,1fwl-blind,seed-01,3,two-photon,7.121652e-04,2.518020e-03,1.55e-15,10.2,
regular-47,1fwl-blind,seed-01,4,two-photon,4.146550e-04,1.296254e-03,2.22e-16,9.8,
extension-09,1fwl-blind,seed-01,2,two-photon,5.926112e-06,8.889168e-06,1.78e-15,3.4,
extension-09,1fwl-blind,seed-01,3,two-photon,3.449215e-04,1.290683e-03,3.44e-15,3.6,
extension-09,1fwl-blind,seed-01,4,two-photon,8.338843e-04,2.593634e-03,1.55e-15,3.8,
extension-09,1fwl-blind,canonical,3,one-photon,2.298554e-03,4.597109e-03,0.00e+00,3.5,
extension-09,1fwl-blind,canonical,3,coherent,2.775558e-17,8.500145e-17,9.43e-02,3.5,1 - mass is the Poisson weight beyond two photons
extension-09,1fwl-blind,canonical,4,two-photon,1.534967e-03,4.401217e-03,1.22e-15,3.7,
extension-09,1fwl-blind,canonical,4,one-photon,1.238614e-03,2.477227e-03,0.00e+00,3.7,
extension-09,1fwl-blind,canonical,4,coherent,2.775558e-17,9.486769e-17,2.85e-02,3.7,1 - mass is the Poisson weight beyond two photons
extension-43,1fwl-blind,canonical,2,two-photon,5.345467e-05,8.018201e-05,5.55e-16,3.6,
extension-43,1fwl-blind,canonical,2,one-photon,1.734723e-18,1.734723e-18,0.00e+00,3.6,
extension-43,1fwl-blind,canonical,2,coherent,0.000000e+00,0.000000e+00,2.96e-03,3.6,1 - mass is the Poisson weight beyond two photons
extension-43,1fwl-blind,canonical,3,two-photon,3.264613e-03,8.384376e-03,0.00e+00,3.7,
extension-43,1fwl-blind,canonical,3,one-photon,2.298554e-03,4.597109e-03,0.00e+00,3.7,
extension-43,1fwl-blind,canonical,3,coherent,2.775558e-17,7.632783e-17,6.52e-02,3.7,1 - mass is the Poisson weight beyond two photons
extension-43,1fwl-blind,canonical,4,two-photon,5.553201e-05,2.958982e-04,6.66e-16,3.8,
extension-43,1fwl-blind,canonical,4,one-photon,8.269943e-05,1.794461e-04,0.00e+00,3.8,
extension-43,1fwl-blind,canonical,4,coherent,0.000000e+00,0.000000e+00,1.88e-02,3.8,1 - mass is the Poisson weight beyond two photons
classic-2c3-vs-c6,1fwl-blind,canonical,2,two-photon,1.101539e-03,1.652309e-03,1.11e-15,1.1,
classic-2c3-vs-c6,1fwl-blind,canonical,2,one-photon,0.000000e+00,0.000000e+00,0.00e+00,1.1,
classic-2c3-vs-c6,1fwl-blind,canonical,2,coherent,0.000000e+00,0.000000e+00,3.37e-03,1.1,1 - mass is the Poisson weight beyond two photons
classic-2c3-vs-c6,1fwl-blind,canonical,3,two-photon,3.372531e-02,9.794760e-02,2.11e-15,1.2,
classic-2c3-vs-c6,1fwl-blind,canonical,3,one-photon,2.798961e-02,5.597923e-02,0.00e+00,1.2,
classic-2c3-vs-c6,1fwl-blind,canonical,3,coherent,5.551115e-17,2.480655e-16,9.90e-02,1.2,1 - mass is the Poisson weight beyond two photons
classic-2c3-vs-c6,1fwl-blind,canonical,4,two-photon,2.202492e-02,6.404424e-02,1.44e-15,1.2,
classic-2c3-vs-c6,1fwl-blind,canonical,4,one-photon,1.845921e-02,3.691843e-02,0.00e+00,1.2,
classic-2c3-vs-c6,1fwl-blind,canonical,4,coherent,5.551115e-17,2.498002e-16,2.98e-02,1.2,1 - mass is the Poisson weight beyond two photons
str-00,2fwl-blind,canonical,2,two-photon,5.204170e-18,3.295975e-17,1.55e-15,138.4,
str-00,2fwl-blind,canonical,2,one-photon,1.387779e-17,2.775558e-17,0.00e+00,138.4,
str-00,2fwl-blind,canonical,2,coherent,0.000000e+00,0.000000e+00,3.37e-03,138.4,1 - mass is the Poisson weight beyond two photons
extension-43,1fwl-blind,seed-01,2,two-photon,5.926112e-06,8.889168e-06,2.00e-15,3.4,
extension-43,1fwl-blind,seed-01,3,two-photon,3.518487e-04,1.294499e-03,2.89e-15,3.6,
extension-43,1fwl-blind,seed-01,4,two-photon,1.002427e-03,3.029261e-03,8.88e-16,3.7,
classic-2c3-vs-c6,1fwl-blind,seed-01,2,two-photon,2.046932e-04,3.070398e-04,1.55e-15,1.0,
classic-2c3-vs-c6,1fwl-blind,seed-01,3,two-photon,8.558115e-03,3.196478e-02,2.00e-15,1.3,
classic-2c3-vs-c6,1fwl-blind,seed-01,4,two-photon,3.188591e-03,1.013609e-02,1.22e-15,1.1,
str-00,2fwl-blind,seed-01,2,two-photon,2.081668e-17,1.040834e-16,1.33e-15,133.4,
control-c6-vs-p6,control,seed-02,2,two-photon,2.935081e-04,1.141093e-03,6.66e-16,1.9,
control-c6-vs-p6,control,seed-02,3,two-photon,5.956317e-03,1.998231e-02,1.33e-15,1.0,
control-c6-vs-p6,control,seed-02,4,two-photon,3.689872e-03,1.087709e-02,4.44e-16,1.0,
control-k15-vs-p6,control,seed-02,2,two-photon,7.538178e-04,4.075123e-03,3.33e-16,2.3,
control-k15-vs-p6,control,seed-02,3,two-photon,1.733810e-02,6.811827e-02,8.88e-16,2.4,
control-k15-vs-p6,control,seed-02,4,two-photon,8.809058e-03,2.567058e-02,4.44e-16,2.2,
regular-24,1fwl-blind,seed-02,2,two-photon,1.837691e-07,2.756536e-07,8.88e-16,4.1,
regular-24,1fwl-blind,seed-02,3,two-photon,1.581194e-04,4.736198e-04,1.44e-15,4.6,
regular-24,1fwl-blind,seed-02,4,two-photon,5.967924e-04,2.618068e-03,1.89e-15,4.3,
regular-47,1fwl-blind,seed-02,2,two-photon,5.176879e-08,7.765319e-08,6.66e-16,9.9,
regular-47,1fwl-blind,seed-02,3,two-photon,3.146964e-05,1.295141e-04,7.77e-16,9.9,
regular-47,1fwl-blind,seed-02,4,two-photon,2.123084e-03,6.181087e-03,6.66e-16,10.4,
extension-09,1fwl-blind,seed-02,2,two-photon,1.168046e-07,1.752068e-07,2.22e-16,3.8,
extension-09,1fwl-blind,seed-02,3,two-photon,1.076562e-04,4.129158e-04,1.44e-15,3.7,
extension-09,1fwl-blind,seed-02,4,two-photon,3.616257e-03,1.044475e-02,1.33e-15,3.7,
extension-43,1fwl-blind,seed-02,2,two-photon,1.168046e-07,1.752068e-07,1.11e-16,3.5,
extension-43,1fwl-blind,seed-02,3,two-photon,1.122746e-04,4.154200e-04,9.99e-16,3.7,
extension-43,1fwl-blind,seed-02,4,two-photon,3.659561e-03,1.029167e-02,4.44e-16,3.9,
classic-2c3-vs-c6,1fwl-blind,seed-02,2,two-photon,1.127674e-06,1.691511e-06,8.88e-16,1.1,
classic-2c3-vs-c6,1fwl-blind,seed-02,3,two-photon,6.662268e-04,2.090778e-03,1.33e-15,1.3,
classic-2c3-vs-c6,1fwl-blind,seed-02,4,two-photon,3.292258e-05,1.559345e-04,7.77e-16,1.0,
str-00,2fwl-blind,seed-02,2,two-photon,6.938894e-18,4.163336e-17,1.22e-15,136.3,
control-c6-vs-p6,control,seed-03,2,two-photon,3.390425e-04,1.194114e-03,6.66e-16,0.9,
control-c6-vs-p6,control,seed-03,3,two-photon,3.428213e-03,1.401934e-02,7.77e-16,0.9,
control-c6-vs-p6,control,seed-03,4,two-photon,1.874917e-03,7.016883e-03,1.33e-15,1.0,
control-k15-vs-p6,control,seed-03,2,two-photon,1.016693e-03,4.297032e-03,5.55e-16,2.3,
control-k15-vs-p6,control,seed-03,3,two-photon,8.825314e-03,4.437762e-02,7.77e-16,3.2,
control-k15-vs-p6,control,seed-03,4,two-photon,4.246415e-03,1.959673e-02,9.99e-16,2.4,
regular-24,1fwl-blind,seed-03,2,two-photon,9.841533e-06,1.476230e-05,2.22e-16,4.1,
regular-24,1fwl-blind,seed-03,3,two-photon,1.085991e-03,4.106534e-03,2.00e-15,4.2,
regular-24,1fwl-blind,seed-03,4,two-photon,2.490235e-03,7.909816e-03,8.88e-16,4.2,
regular-47,1fwl-blind,seed-03,2,two-photon,2.868734e-06,4.303102e-06,4.44e-16,9.7,
regular-47,1fwl-blind,seed-03,3,two-photon,9.139721e-05,5.098696e-04,2.22e-16,9.8,
regular-47,1fwl-blind,seed-03,4,two-photon,2.612166e-04,1.595579e-03,3.22e-15,9.9,
extension-09,1fwl-blind,seed-03,2,two-photon,1.489718e-07,2.234577e-07,9.99e-16,4.1,
extension-09,1fwl-blind,seed-03,3,two-photon,2.891335e-04,1.116576e-03,2.33e-15,4.0,
extension-09,1fwl-blind,seed-03,4,two-photon,4.831564e-04,1.789984e-03,2.00e-15,4.0,
extension-43,1fwl-blind,seed-03,2,two-photon,1.489718e-07,2.234577e-07,1.33e-15,3.9,
extension-43,1fwl-blind,seed-03,3,two-photon,2.957920e-04,1.120279e-03,1.11e-15,3.7,
extension-43,1fwl-blind,seed-03,4,two-photon,1.285306e-03,4.001473e-03,9.99e-16,4.2,
classic-2c3-vs-c6,1fwl-blind,seed-03,2,two-photon,6.039123e-05,9.058684e-05,6.66e-16,1.4,
classic-2c3-vs-c6,1fwl-blind,seed-03,3,two-photon,4.416221e-03,1.796460e-02,6.66e-16,1.2,
classic-2c3-vs-c6,1fwl-blind,seed-03,4,two-photon,2.895613e-03,9.900331e-03,1.33e-15,1.2,
str-00,2fwl-blind,seed-03,2,two-photon,2.081668e-17,1.595946e-16,4.22e-15,152.2,
control-c6-vs-p6,control,seed-04,2,two-photon,2.418198e-02,7.506012e-02,1.11e-15,0.9,
control-c6-vs-p6,control,seed-04,3,two-photon,1.182837e-02,3.619344e-02,8.88e-16,0.9,
control-c6-vs-p6,control,seed-04,4,two-photon,3.425262e-03,1.452429e-02,7.77e-16,1.0,
control-k15-vs-p6,control,seed-04,2,two-photon,7.479457e-02,2.571205e-01,1.55e-15,3.4,
control-k15-vs-p6,control,seed-04,3,two-photon,1.113001e-02,2.889009e-02,8.88e-16,2.4,
control-k15-vs-p6,control,seed-04,4,two-photon,1.205285e-02,3.380404e-02,7.77e-16,2.5,
regular-24,1fwl-blind,seed-04,2,two-photon,1.331709e-06,1.997563e-06,8.88e-16,4.5,
regular-24,1fwl-blind,seed-04,3,two-photon,1.102239e-03,4.824712e-03,2.22e-16,4.8,
regular-24,1fwl-blind,seed-04,4,two-photon,2.904332e-03,8.358550e-03,1.11e-15,4.5,
regular-47,1fwl-blind,seed-04,2,two-photon,3.393970e-04,5.090955e-04,1.11e-15,10.7,
regular-47,1fwl-blind,seed-04,3,two-photon,4.078943e-03,1.183885e-02,1.11e-15,11.4,
regular-47,1fwl-blind,seed-04,4,two-photon,1.257582e-03,3.301567e-03,8.88e-16,11.2,
extension-09,1fwl-blind,seed-04,2,two-photon,3.857321e-04,5.785981e-04,6.66e-16,3.8,
extension-09,1fwl-blind,seed-04,3,two-photon,6.388391e-03,1.940403e-02,1.11e-15,3.9,
extension-09,1fwl-blind,seed-04,4,two-photon,8.349552e-03,2.336762e-02,2.22e-15,4.0,
extension-43,1fwl-blind,seed-04,2,two-photon,3.857321e-04,5.785981e-04,2.22e-16,3.8,
extension-43,1fwl-blind,seed-04,3,two-photon,7.074144e-03,1.975415e-02,1.33e-15,3.9,
extension-43,1fwl-blind,seed-04,4,two-photon,8.695882e-03,2.291757e-02,5.55e-16,4.0,
classic-2c3-vs-c6,1fwl-blind,seed-04,2,two-photon,8.171849e-06,1.225777e-05,1.11e-15,1.0,
classic-2c3-vs-c6,1fwl-blind,seed-04,3,two-photon,7.457328e-04,2.526603e-03,8.88e-16,1.0,
classic-2c3-vs-c6,1fwl-blind,seed-04,4,two-photon,1.530851e-02,4.474944e-02,5.55e-16,1.3,
str-00,2fwl-blind,seed-04,2,two-photon,8.673617e-18,3.989864e-17,3.55e-15,147.0,
control-c6-vs-p6,control,seed-05,2,two-photon,7.820947e-03,2.781559e-02,1.33e-15,1.0,
control-c6-vs-p6,control,seed-05,3,two-photon,1.277498e-02,3.780345e-02,1.22e-15,1.1,
control-c6-vs-p6,control,seed-05,4,two-photon,2.351625e-03,1.147729e-02,2.00e-15,1.0,
control-k15-vs-p6,control,seed-05,2,two-photon,2.381649e-02,9.751292e-02,1.33e-15,2.5,
control-k15-vs-p6,control,seed-05,3,two-photon,1.178347e-02,5.375805e-02,0.00e+00,3.7,
control-k15-vs-p6,control,seed-05,4,two-photon,1.437813e-02,5.674795e-02,8.88e-16,2.3,
regular-24,1fwl-blind,seed-05,2,two-photon,2.722831e-04,4.084247e-04,1.11e-15,4.7,
regular-24,1fwl-blind,seed-05,3,two-photon,4.058187e-03,1.110542e-02,1.33e-15,4.5,
regular-24,1fwl-blind,seed-05,4,two-photon,3.746869e-03,1.124491e-02,2.44e-15,4.3,
regular-47,1fwl-blind,seed-05,2,two-photon,2.230213e-05,3.345319e-05,2.00e-15,10.2,
regular-47,1fwl-blind,seed-05,3,two-photon,4.368505e-03,1.197169e-02,6.66e-16,10.5,
regular-47,1fwl-blind,seed-05,4,two-photon,2.522817e-03,8.579849e-03,8.88e-16,10.3,
extension-09,1fwl-blind,seed-05,2,two-photon,6.066492e-05,9.099738e-05,1.11e-15,4.0,
extension-09,1fwl-blind,seed-05,3,two-photon,5.294180e-03,1.536960e-02,6.66e-16,3.9,
extension-09,1fwl-blind,seed-05,4,two-photon,6.610193e-03,1.929579e-02,5.55e-15,3.8,
extension-43,1fwl-blind,seed-05,2,two-photon,6.066492e-05,9.099738e-05,1.33e-15,3.6,
extension-43,1fwl-blind,seed-05,3,two-photon,5.492045e-03,1.547661e-02,2.22e-16,3.8,
extension-43,1fwl-blind,seed-05,4,two-photon,8.338970e-03,2.333108e-02,7.44e-15,3.9,
classic-2c3-vs-c6,1fwl-blind,seed-05,2,two-photon,1.670828e-03,2.506242e-03,1.33e-15,1.0,
classic-2c3-vs-c6,1fwl-blind,seed-05,3,two-photon,1.740490e-02,4.904304e-02,1.22e-15,1.4,
classic-2c3-vs-c6,1fwl-blind,seed-05,4,two-photon,3.296901e-03,8.287578e-03,2.00e-15,1.0,
str-00,2fwl-blind,seed-05,2,two-photon,5.551115e-17,9.367507e-17,2.66e-15,144.2,
control-c6-vs-p6,control,seed-06,2,two-photon,9.455078e-03,3.713728e-02,6.66e-16,1.0,
control-c6-vs-p6,control,seed-06,3,two-photon,6.854321e-03,2.399460e-02,6.66e-16,1.0,
control-c6-vs-p6,control,seed-06,4,two-photon,1.080003e-02,3.471509e-02,1.44e-15,1.0,
control-k15-vs-p6,control,seed-06,2,two-photon,2.316108e-02,1.300876e-01,4.44e-16,2.2,
control-k15-vs-p6,control,seed-06,3,two-photon,1.596136e-02,5.502253e-02,7.77e-16,3.6,
control-k15-vs-p6,control,seed-06,4,two-photon,3.667227e-03,1.852613e-02,4.44e-16,2.7,
regular-24,1fwl-blind,seed-06,2,two-photon,3.067057e-05,4.600586e-05,1.11e-15,4.5,
regular-24,1fwl-blind,seed-06,3,two-photon,3.166151e-03,1.187965e-02,1.22e-15,4.3,
regular-24,1fwl-blind,seed-06,4,two-photon,2.772904e-03,9.726230e-03,2.44e-15,4.4,
regular-47,1fwl-blind,seed-06,2,two-photon,1.140561e-04,1.710841e-04,8.88e-16,10.5,
regular-47,1fwl-blind,seed-06,3,two-photon,4.771549e-03,1.608204e-02,1.33e-15,11.2,
regular-47,1fwl-blind,seed-06,4,two-photon,3.501935e-03,1.323196e-02,1.33e-15,10.4,
extension-09,1fwl-blind,seed-06,2,two-photon,1.198004e-04,1.797006e-04,3.11e-15,3.7,
extension-09,1fwl-blind,seed-06,3,two-photon,6.658142e-03,2.277810e-02,4.44e-16,3.8,
extension-09,1fwl-blind,seed-06,4,two-photon,9.664779e-03,2.916644e-02,2.00e-15,3.9,
extension-43,1fwl-blind,seed-06,2,two-photon,1.198004e-04,1.797006e-04,2.89e-15,3.7,
extension-43,1fwl-blind,seed-06,3,two-photon,7.136204e-03,2.301847e-02,6.66e-16,3.5,
extension-43,1fwl-blind,seed-06,4,two-photon,1.233264e-02,3.574356e-02,6.66e-16,3.9,
classic-2c3-vs-c6,1fwl-blind,seed-06,2,two-photon,1.882058e-04,2.823087e-04,6.66e-16,1.4,
classic-2c3-vs-c6,1fwl-blind,seed-06,3,two-photon,1.314900e-02,4.626013e-02,6.66e-16,1.1,
classic-2c3-vs-c6,1fwl-blind,seed-06,4,two-photon,7.569960e-03,2.476061e-02,1.44e-15,1.2,
str-00,2fwl-blind,seed-06,2,two-photon,6.938894e-18,3.816392e-17,1.55e-15,146.9,
control-c6-vs-p6,control,seed-07,2,two-photon,1.235245e-02,3.302476e-02,2.22e-16,0.9,
control-c6-vs-p6,control,seed-07,3,two-photon,6.245270e-03,1.996181e-02,2.44e-15,0.9,
control-c6-vs-p6,control,seed-07,4,two-photon,2.484460e-03,8.235684e-03,6.66e-16,0.9,
control-k15-vs-p6,control,seed-07,2,two-photon,3.748489e-02,1.149271e-01,6.66e-16,3.3,
control-k15-vs-p6,control,seed-07,3,two-photon,9.930572e-03,4.541405e-02,2.44e-15,2.2,
control-k15-vs-p6,control,seed-07,4,two-photon,4.692929e-03,2.127168e-02,6.66e-16,2.3,
regular-24,1fwl-blind,seed-07,2,two-photon,3.240226e-04,4.860339e-04,2.33e-15,4.2,
regular-24,1fwl-blind,seed-07,3,two-photon,5.943271e-03,1.763373e-02,1.78e-15,4.7,
regular-24,1fwl-blind,seed-07,4,two-photon,1.517581e-04,5.109813e-04,2.44e-15,4.8,
regular-47,1fwl-blind,seed-07,2,two-photon,2.552749e-05,3.829123e-05,3.33e-16,10.5,
regular-47,1fwl-blind,seed-07,3,two-photon,5.354442e-04,2.368771e-03,1.33e-15,9.9,
regular-47,1fwl-blind,seed-07,4,two-photon,7.227794e-05,3.574867e-04,2.22e-16,10.4,
extension-09,1fwl-blind,seed-07,2,two-photon,7.334202e-05,1.100130e-04,1.55e-15,3.8,
extension-09,1fwl-blind,seed-07,3,two-photon,1.448549e-03,4.255422e-03,1.55e-15,3.7,
extension-09,1fwl-blind,seed-07,4,two-photon,5.768290e-05,3.917145e-04,6.66e-16,4.1,
extension-43,1fwl-blind,seed-07,2,two-photon,7.334202e-05,1.100130e-04,1.22e-15,3.9,
extension-43,1fwl-blind,seed-07,3,two-photon,1.593192e-03,4.329277e-03,0.00e+00,3.8,
extension-43,1fwl-blind,seed-07,4,two-photon,4.350720e-04,1.299049e-03,2.00e-15,3.8,
classic-2c3-vs-c6,1fwl-blind,seed-07,2,two-photon,1.988321e-03,2.982481e-03,3.33e-16,1.1,
classic-2c3-vs-c6,1fwl-blind,seed-07,3,two-photon,2.528092e-02,7.789333e-02,2.44e-15,1.2,
classic-2c3-vs-c6,1fwl-blind,seed-07,4,two-photon,5.427955e-03,1.414741e-02,2.22e-16,1.4,
str-00,2fwl-blind,seed-07,2,two-photon,6.938894e-18,3.469447e-17,8.88e-16,145.8,
control-c6-vs-p6,control,seed-08,2,two-photon,1.775015e-03,6.889596e-03,2.22e-16,1.0,
control-c6-vs-p6,control,seed-08,3,two-photon,2.220359e-03,8.673803e-03,1.67e-15,1.1,
control-c6-vs-p6,control,seed-08,4,two-photon,1.421218e-03,5.195467e-03,3.11e-15,1.1,
control-k15-vs-p6,control,seed-08,2,two-photon,4.779620e-03,2.458382e-02,1.11e-16,2.5,
control-k15-vs-p6,control,seed-08,3,two-photon,3.326086e-03,1.906811e-02,1.67e-15,3.7,
control-k15-vs-p6,control,seed-08,4,two-photon,5.233608e-03,2.062479e-02,2.66e-15,2.3,
regular-24,1fwl-blind,seed-08,2,two-photon,5.534888e-05,8.302332e-05,0.00e+00,4.6,
regular-24,1fwl-blind,seed-08,3,two-photon,7.702951e-04,2.761315e-03,1.11e-15,4.2,
regular-24,1fwl-blind,seed-08,4,two-photon,1.010562e-03,2.999209e-03,3.55e-15,4.2,
regular-47,1fwl-blind,seed-08,2,two-photon,1.147335e-05,1.721003e-05,1.11e-16,10.1,
regular-47,1fwl-blind,seed-08,3,two-photon,5.611862e-04,2.030215e-03,1.89e-15,10.2,
regular-47,1fwl-blind,seed-08,4,two-photon,2.481980e-04,6.954701e-04,3.22e-15,10.0,
extension-09,1fwl-blind,seed-08,2,two-photon,4.453094e-06,6.679642e-06,4.44e-16,3.7,
extension-09,1fwl-blind,seed-08,3,two-photon,6.301856e-04,2.303450e-03,1.55e-15,3.9,
extension-09,1fwl-blind,seed-08,4,two-photon,8.648279e-04,2.596467e-03,5.55e-16,3.8,
extension-43,1fwl-blind,seed-08,2,two-photon,4.453094e-06,6.679642e-06,4.44e-16,3.7,
extension-43,1fwl-blind,seed-08,3,two-photon,6.592929e-04,2.318385e-03,3.22e-15,3.6,
extension-43,1fwl-blind,seed-08,4,two-photon,1.078462e-03,3.190455e-03,2.11e-15,3.7,
classic-2c3-vs-c6,1fwl-blind,seed-08,2,two-photon,3.396408e-04,5.094613e-04,2.22e-16,1.0,
classic-2c3-vs-c6,1fwl-blind,seed-08,3,two-photon,3.298059e-03,1.216663e-02,2.00e-15,1.3,
classic-2c3-vs-c6,1fwl-blind,seed-08,4,two-photon,6.236021e-03,1.913125e-02,3.11e-15,1.1,
control-c6-vs-p6,control,seed-09,2,two-photon,1.347479e-03,5.248498e-03,1.11e-16,1.0,
control-c6-vs-p6,control,seed-09,3,two-photon,6.733537e-03,2.259087e-02,8.88e-16,1.1,
control-c6-vs-p6,control,seed-09,4,two-photon,1.676382e-03,6.867142e-03,1.33e-15,1.0,
control-k15-vs-p6,control,seed-09,2,two-photon,3.426512e-03,1.871971e-02,0.00e+00,2.5,
control-k15-vs-p6,control,seed-09,3,two-photon,1.471347e-02,6.304939e-02,2.22e-15,2.4,
control-k15-vs-p6,control,seed-09,4,two-photon,1.013680e-02,3.637237e-02,1.11e-15,2.5,
regular-24,1fwl-blind,seed-09,2,two-photon,4.199922e-05,6.299883e-05,4.44e-16,4.4,
regular-24,1fwl-blind,seed-09,3,two-photon,1.981271e-03,6.177575e-03,2.22e-16,4.5,
regular-24,1fwl-blind,seed-09,4,two-photon,5.734636e-03,1.656684e-02,2.89e-15,4.5,
regular-47,1fwl-blind,seed-09,2,two-photon,1.390431e-05,2.085646e-05,1.11e-15,11.4,
regular-47,1fwl-blind,seed-09,3,two-photon,1.525047e-04,5.344646e-04,2.00e-15,10.2,
regular-47,1fwl-blind,seed-09,4,two-photon,2.098067e-04,1.566903e-03,1.55e-15,10.3,
extension-09,1fwl-blind,seed-09,2,two-photon,2.522408e-06,3.783613e-06,4.44e-16,4.0,
extension-09,1fwl-blind,seed-09,3,two-photon,1.050777e-03,3.382314e-03,2.89e-15,4.2,
extension-09,1fwl-blind,seed-09,4,two-photon,1.290078e-03,3.714224e-03,6.66e-16,4.2,
extension-43,1fwl-blind,seed-09,2,two-photon,2.522408e-06,3.783613e-06,4.44e-16,3.8,
extension-43,1fwl-blind,seed-09,3,two-photon,1.064987e-03,3.390986e-03,2.22e-15,3.9,
extension-43,1fwl-blind,seed-09,4,two-photon,2.273006e-03,6.457526e-03,1.33e-15,3.9,
classic-2c3-vs-c6,1fwl-blind,seed-09,2,two-photon,2.577225e-04,3.865837e-04,1.11e-16,1.0,
classic-2c3-vs-c6,1fwl-blind,seed-09,3,two-photon,8.173386e-03,2.708278e-02,1.11e-15,1.3,
classic-2c3-vs-c6,1fwl-blind,seed-09,4,two-photon,1.524416e-02,4.567458e-02,1.33e-15,1.1,
control-c6-vs-p6,control,seed-10,2,two-photon,5.662579e-03,1.904095e-02,4.44e-16,1.0,
control-c6-vs-p6,control,seed-10,3,two-photon,1.305081e-02,3.951290e-02,1.22e-15,1.2,
control-c6-vs-p6,control,seed-10,4,two-photon,1.889255e-03,8.411976e-03,5.55e-16,1.0,
control-k15-vs-p6,control,seed-10,2,two-photon,1.715130e-02,6.699386e-02,1.11e-15,2.4,
control-k15-vs-p6,control,seed-10,3,two-photon,1.701504e-02,7.899759e-02,1.22e-15,2.3,
control-k15-vs-p6,control,seed-10,4,two-photon,1.176328e-02,4.884364e-02,1.11e-15,2.4,
regular-24,1fwl-blind,seed-10,2,two-photon,2.407918e-04,3.611878e-04,1.44e-15,4.4,
regular-24,1fwl-blind,seed-10,3,two-photon,9.743606e-03,2.698170e-02,4.44e-16,4.3,
regular-24,1fwl-blind,seed-10,4,two-photon,9.274535e-03,2.578671e-02,1.55e-15,4.3,
regular-47,1fwl-blind,seed-10,2,two-photon,4.226380e-05,6.339571e-05,4.44e-16,10.2,
regular-47,1fwl-blind,seed-10,3,two-photon,4.978870e-03,1.360520e-02,6.66e-16,9.9,
regular-47,1fwl-blind,seed-10,4,two-photon,1.500977e-03,9.128896e-03,2.89e-15,10.8,
extension-09,1fwl-blind,seed-10,2,two-photon,2.805816e-05,4.208724e-05,1.78e-15,4.0,
extension-09,1fwl-blind,seed-10,3,two-photon,3.730927e-03,1.156585e-02,6.66e-16,4.0,
extension-09,1fwl-blind,seed-10,4,two-photon,1.208780e-02,3.382991e-02,1.33e-15,3.9,
extension-43,1fwl-blind,seed-10,2,two-photon,2.805816e-05,4.208724e-05,1.55e-15,3.7,
extension-43,1fwl-blind,seed-10,3,two-photon,3.889564e-03,1.165277e-02,4.44e-16,3.7,
extension-43,1fwl-blind,seed-10,4,two-photon,1.665511e-02,4.494943e-02,1.89e-15,3.9,
classic-2c3-vs-c6,1fwl-blind,seed-10,2,two-photon,1.477586e-03,2.216379e-03,2.22e-16,1.1,
classic-2c3-vs-c6,1fwl-blind,seed-10,3,two-photon,4.069340e-02,1.185953e-01,8.88e-16,1.0,
classic-2c3-vs-c6,1fwl-blind,seed-10,4,two-photon,2.471093e-03,6.077696e-03,5.55e-16,1.3,
control-c6-vs-p6,control,seed-11,2,two-photon,1.287191e-04,5.134531e-04,4.44e-16,0.9,
control-c6-vs-p6,control,seed-11,3,two-photon,1.122710e-03,4.387684e-03,2.66e-15,0.9,
control-c6-vs-p6,control,seed-11,4,two-photon,1.927898e-03,6.219352e-03,1.11e-15,0.9,
control-k15-vs-p6,control,seed-11,2,two-photon,3.841914e-04,1.839446e-03,4.44e-16,2.3,
control-k15-vs-p6,control,seed-11,3,two-photon,3.133129e-03,1.554998e-02,2.66e-15,2.4,
control-k15-vs-p6,control,seed-11,4,two-photon,5.595228e-03,2.137224e-02,1.11e-15,2.4,
regular-24,1fwl-blind,seed-11,2,two-photon,2.642053e-07,3.963080e-07,8.88e-16,4.1,
regular-24,1fwl-blind,seed-11,3,two-photon,1.198476e-04,5.133954e-04,1.22e-15,4.2,
regular-24,1fwl-blind,seed-11,4,two-photon,3.507046e-04,1.120037e-03,1.11e-16,4.4,
regular-47,1fwl-blind,seed-11,2,two-photon,5.038861e-08,7.558292e-08,4.44e-16,10.3,
regular-47,1fwl-blind,seed-11,3,two-photon,2.659259e-05,1.145251e-04,2.78e-15,10.1,
regular-47,1fwl-blind,seed-11,4,two-photon,6.181120e-05,2.107281e-04,2.00e-15,10.2,
extension-09,1fwl-blind,seed-11,2,two-photon,2.622795e-08,3.934192e-08,4.00e-15,3.7,
extension-09,1fwl-blind,seed-11,3,two-photon,4.650187e-06,2.005732e-05,1.11e-15,3.9,
extension-09,1fwl-blind,seed-11,4,two-photon,3.560069e-05,1.177156e-04,1.55e-15,3.9,
extension-43,1fwl-blind,seed-11,2,two-photon,2.622795e-08,3.934192e-08,4.33e-15,4.0,
extension-43,1fwl-blind,seed-11,3,two-photon,4.504197e-06,2.020569e-05,9.99e-16,4.0,
extension-43,1fwl-blind,seed-11,4,two-photon,3.241254e-05,1.055607e-04,2.22e-16,4.0,
classic-2c3-vs-c6,1fwl-blind,seed-11,2,two-photon,1.621260e-06,2.431890e-06,4.44e-16,1.2,
classic-2c3-vs-c6,1fwl-blind,seed-11,3,two-photon,4.756427e-04,2.242751e-03,3.11e-15,1.1,
classic-2c3-vs-c6,1fwl-blind,seed-11,4,two-photon,1.509152e-03,5.059253e-03,6.66e-16,1.0,
control-c6-vs-p6,control,seed-12,2,two-photon,2.011528e-03,7.843736e-03,6.66e-16,1.1,
control-c6-vs-p6,control,seed-12,3,two-photon,4.899575e-03,1.743091e-02,1.11e-16,0.9,
control-c6-vs-p6,control,seed-12,4,two-photon,1.966374e-03,6.251386e-03,1.67e-15,1.0,
control-k15-vs-p6,control,seed-12,2,two-photon,5.164995e-03,2.793920e-02,6.66e-16,2.4,
control-k15-vs-p6,control,seed-12,3,two-photon,1.342673e-02,5.697066e-02,1.33e-15,2.3,
control-k15-vs-p6,control,seed-12,4,two-photon,2.159353e-03,6.064723e-03,1.22e-15,2.2,
regular-24,1fwl-blind,seed-12,2,two-photon,1.795101e-05,2.692652e-05,6.66e-16,4.2,
regular-24,1fwl-blind,seed-12,3,two-photon,2.537229e-03,8.321085e-03,1.33e-15,4.5,
regular-24,1fwl-blind,seed-12,4,two-photon,1.247185e-03,3.860800e-03,4.44e-16,4.4,
regular-47,1fwl-blind,seed-12,2,two-photon,2.409695e-08,3.614543e-08,8.88e-16,10.1,
regular-47,1fwl-blind,seed-12,3,two-photon,4.465460e-04,1.610597e-03,6.66e-16,11.1,
regular-47,1fwl-blind,seed-12,4,two-photon,1.591527e-04,4.796448e-04,2.22e-16,10.5,
extension-09,1fwl-blind,seed-12,2,two-photon,5.641383e-06,8.462075e-06,2.22e-16,3.8,
extension-09,1fwl-blind,seed-12,3,two-photon,2.751986e-04,8.959389e-04,1.11e-15,3.9,
extension-09,1fwl-blind,seed-12,4,two-photon,6.745778e-04,2.057047e-03,8.88e-16,4.0,
extension-43,1fwl-blind,seed-12,2,two-photon,5.641383e-06,8.462075e-06,3.33e-16,3.9,
extension-43,1fwl-blind,seed-12,3,two-photon,2.968907e-04,9.071413e-04,1.33e-15,3.8,
extension-43,1fwl-blind,seed-12,4,two-photon,4.843459e-04,1.426189e-03,3.00e-15,4.0,
classic-2c3-vs-c6,1fwl-blind,seed-12,2,two-photon,1.101539e-04,1.652309e-04,4.44e-16,1.1,
classic-2c3-vs-c6,1fwl-blind,seed-12,3,two-photon,1.040411e-02,3.650449e-02,1.11e-16,1.4,
classic-2c3-vs-c6,1fwl-blind,seed-12,4,two-photon,7.447245e-03,2.358411e-02,1.67e-15,1.1,
control-c6-vs-p6,control,seed-13,2,two-photon,2.844804e-03,1.046077e-02,4.44e-16,1.0,
control-c6-vs-p6,control,seed-13,3,two-photon,5.741684e-03,2.035002e-02,1.11e-16,0.9,
control-c6-vs-p6,control,seed-13,4,two-photon,2.988306e-03,9.178358e-03,6.66e-16,1.2,
control-k15-vs-p6,control,seed-13,2,two-photon,8.586470e-03,3.702901e-02,4.44e-16,2.2,
control-k15-vs-p6,control,seed-13,3,two-photon,1.325079e-02,5.822622e-02,2.22e-16,2.4,
control-k15-vs-p6,control,seed-13,4,two-photon,3.678863e-03,9.675518e-03,2.66e-15,2.5,
regular-24,1fwl-blind,seed-13,2,two-photon,1.658725e-04,2.488087e-04,2.22e-16,4.1,
regular-24,1fwl-blind,seed-13,3,two-photon,4.071555e-04,1.507790e-03,8.88e-16,4.4,
regular-24,1fwl-blind,seed-13,4,two-photon,9.431302e-04,2.932317e-03,8.88e-16,4.5,
regular-47,1fwl-blind,seed-13,2,two-photon,3.827296e-05,5.740944e-05,4.44e-16,10.2,
regular-47,1fwl-blind,seed-13,3,two-photon,5.613758e-04,1.937036e-03,1.55e-15,10.9,
regular-47,1fwl-blind,seed-13,4,two-photon,6.880181e-04,2.068963e-03,8.88e-16,10.4,
extension-09,1fwl-blind,seed-13,2,two-photon,8.930150e-06,1.339523e-05,1.11e-16,3.7,
extension-09,1fwl-blind,seed-13,3,two-photon,7.475952e-04,2.669512e-03,3.55e-15,3.7,
extension-09,1fwl-blind,seed-13,4,two-photon,2.291094e-03,6.960347e-03,6.66e-16,3.8,
extension-43,1fwl-blind,seed-13,2,two-photon,8.930150e-06,1.339523e-05,8.88e-16,3.8,
extension-43,1fwl-blind,seed-13,3,two-photon,7.977468e-04,2.695761e-03,1.55e-15,3.7,
extension-43,1fwl-blind,seed-13,4,two-photon,2.522544e-03,7.370904e-03,4.44e-16,3.7,
classic-2c3-vs-c6,1fwl-blind,seed-13,2,two-photon,1.017854e-03,1.526781e-03,2.22e-16,1.0,
classic-2c3-vs-c6,1fwl-blind,seed-13,3,two-photon,1.613207e-03,6.156748e-03,1.11e-16,1.0,
classic-2c3-vs-c6,1fwl-blind,seed-13,4,two-photon,2.913145e-03,9.401084e-03,6.66e-16,1.3,
control-c6-vs-p6,control,seed-14,2,two-photon,2.370668e-06,6.434659e-06,1.11e-15,0.9,
control-c6-vs-p6,control,seed-14,3,two-photon,2.486653e-05,9.359178e-05,5.55e-16,0.9,
control-c6-vs-p6,control,seed-14,4,two-photon,1.602313e-05,6.298041e-05,1.55e-15,0.9,
control-k15-vs-p6,control,seed-14,2,two-photon,7.111995e-06,2.250138e-05,1.11e-15,2.3,
control-k15-vs-p6,control,seed-14,3,two-photon,7.338386e-05,3.322036e-04,5.55e-16,2.3,
control-k15-vs-p6,control,seed-14,4,two-photon,2.042643e-05,1.202821e-04,1.55e-15,2.4,
regular-24,1fwl-blind,seed-14,2,two-photon,2.132972e-11,3.199478e-11,1.33e-15,4.1,
regular-24,1fwl-blind,seed-14,3,two-photon,3.371152e-06,1.379731e-05,8.88e-16,4.1,
regular-24,1fwl-blind,seed-14,4,two-photon,7.415909e-06,2.788195e-05,1.33e-15,4.4,
regular-47,1fwl-blind,seed-14,2,two-photon,8.903100e-12,1.335462e-11,8.88e-16,9.7,
regular-47,1fwl-blind,seed-14,3,two-photon,9.573180e-07,3.779286e-06,5.55e-16,10.1,
regular-47,1fwl-blind,seed-14,4,two-photon,1.707905e-06,6.534668e-06,8.88e-16,11.0,
extension-09,1fwl-blind,seed-14,2,two-photon,3.371858e-12,5.058148e-12,6.66e-16,4.3,
extension-09,1fwl-blind,seed-14,3,two-photon,1.992523e-07,8.538060e-07,2.44e-15,4.2,
extension-09,1fwl-blind,seed-14,4,two-photon,6.584378e-06,2.419624e-05,6.66e-16,4.5,
extension-43,1fwl-blind,seed-14,2,two-photon,3.371858e-12,5.057926e-12,0.00e+00,4.4,
extension-43,1fwl-blind,seed-14,3,two-photon,1.993014e-07,8.537593e-07,1.44e-15,4.5,
extension-43,1fwl-blind,seed-14,4,two-photon,7.029522e-06,2.582471e-05,5.55e-16,4.5,
classic-2c3-vs-c6,1fwl-blind,seed-14,2,two-photon,1.308872e-10,1.963308e-10,8.88e-16,1.3,
classic-2c3-vs-c6,1fwl-blind,seed-14,3,two-photon,1.596506e-05,6.010285e-05,1.44e-15,1.5,
classic-2c3-vs-c6,1fwl-blind,seed-14,4,two-photon,2.718800e-05,1.065877e-04,1.78e-15,1.3,
control-c6-vs-p6,control,seed-15,2,two-photon,1.944917e-04,7.744943e-04,2.22e-16,1.1,
control-c6-vs-p6,control,seed-15,3,two-photon,3.314772e-03,1.135984e-02,1.55e-15,1.1,
control-c6-vs-p6,control,seed-15,4,two-photon,2.540533e-03,8.212887e-03,9.99e-16,1.5,
control-k15-vs-p6,control,seed-15,2,two-photon,5.650201e-04,2.759695e-03,4.44e-16,2.7,
control-k15-vs-p6,control,seed-15,3,two-photon,9.998759e-03,4.014241e-02,1.33e-15,3.0,
control-k15-vs-p6,control,seed-15,4,two-photon,7.277151e-03,2.793338e-02,1.22e-15,2.8,
regular-24,1fwl-blind,seed-15,2,two-photon,2.598612e-06,3.897919e-06,2.22e-16,5.0,
regular-24,1fwl-blind,seed-15,3,two-photon,9.455288e-05,2.828540e-04,5.55e-16,4.8,
regular-24,1fwl-blind,seed-15,4,two-photon,2.384937e-04,7.175033e-04,8.88e-16,4.9,
regular-47,1fwl-blind,seed-15,2,two-photon,7.694520e-07,1.154178e-06,1.11e-15,11.9,
regular-47,1fwl-blind,seed-15,3,two-photon,1.613987e-05,7.034818e-05,1.11e-16,11.4,
regular-47,1fwl-blind,seed-15,4,two-photon,9.427022e-05,2.957607e-04,4.44e-16,11.7,
extension-09,1fwl-blind,seed-15,2,two-photon,5.293107e-08,7.939661e-08,1.44e-15,4.4,
extension-09,1fwl-blind,seed-15,3,two-photon,7.022592e-06,2.024794e-05,8.88e-16,4.2,
extension-09,1fwl-blind,seed-15,4,two-photon,6.368095e-05,2.110508e-04,4.44e-16,4.4,
extension-43,1fwl-blind,seed-15,2,two-photon,5.293107e-08,7.939661e-08,1.44e-15,4.2,
extension-43,1fwl-blind,seed-15,3,two-photon,7.277124e-06,2.063284e-05,4.44e-16,4.3,
extension-43,1fwl-blind,seed-15,4,two-photon,6.693208e-05,2.153839e-04,5.55e-16,4.5,
classic-2c3-vs-c6,1fwl-blind,seed-15,2,two-photon,1.594603e-05,2.391905e-05,2.22e-16,1.3,
classic-2c3-vs-c6,1fwl-blind,seed-15,3,two-photon,4.129221e-04,1.252246e-03,1.55e-15,1.6,
classic-2c3-vs-c6,1fwl-blind,seed-15,4,two-photon,1.041214e-03,3.205249e-03,1.67e-15,1.3,
control-c6-vs-p6,control,seed-16,2,two-photon,2.590148e-03,8.022600e-03,6.66e-16,1.1,
control-c6-vs-p6,control,seed-16,3,two-photon,1.073948e-03,4.630786e-03,4.44e-16,1.1,
control-c6-vs-p6,control,seed-16,4,two-photon,4.847959e-04,2.673646e-03,1.55e-15,1.4,
control-k15-vs-p6,control,seed-16,2,two-photon,7.749579e-03,2.884326e-02,8.88e-16,2.7,
control-k15-vs-p6,control,seed-16,3,two-photon,1.923535e-03,7.936068e-03,3.33e-16,2.9,
control-k15-vs-p6,control,seed-16,4,two-photon,2.985229e-03,1.311062e-02,4.44e-16,2.7,
regular-24,1fwl-blind,seed-16,2,two-photon,9.523885e-06,1.428583e-05,2.22e-16,4.8,
regular-24,1fwl-blind,seed-16,3,two-photon,1.403509e-03,5.711993e-03,4.44e-16,5.0,
regular-24,1fwl-blind,seed-16,4,two-photon,1.397834e-03,4.530596e-03,1.67e-15,5.0,
regular-47,1fwl-blind,seed-16,2,two-photon,3.656292e-06,5.484438e-06,1.11e-16,12.0,
regular-47,1fwl-blind,seed-16,3,two-photon,2.349830e-04,9.863022e-04,7.77e-16,11.9,
regular-47,1fwl-blind,seed-16,4,two-photon,6.734497e-04,2.196694e-03,1.33e-15,11.7,
extension-09,1fwl-blind,seed-16,2,two-photon,7.158468e-06,1.073770e-05,6.66e-16,4.2,
extension-09,1fwl-blind,seed-16,3,two-photon,1.012445e-03,3.995687e-03,1.33e-15,4.4,
extension-09,1fwl-blind,seed-16,4,two-photon,8.384955e-04,2.951782e-03,2.33e-15,4.8,
extension-43,1fwl-blind,seed-16,2,two-photon,7.158468e-06,1.073770e-05,9.99e-16,4.8,
extension-43,1fwl-blind,seed-16,3,two-photon,1.038131e-03,4.008633e-03,2.22e-16,4.6,
extension-43,1fwl-blind,seed-16,4,two-photon,1.662463e-03,5.201766e-03,1.11e-15,4.6,
classic-2c3-vs-c6,1fwl-blind,seed-16,2,two-photon,5.844202e-05,8.766303e-05,8.88e-16,1.2,
classic-2c3-vs-c6,1fwl-blind,seed-16,3,two-photon,5.744739e-03,2.505382e-02,7.77e-16,1.6,
classic-2c3-vs-c6,1fwl-blind,seed-16,4,two-photon,1.552275e-03,5.165015e-03,1.55e-15,1.3,
control-c6-vs-p6,control,seed-17,2,two-photon,9.637388e-04,2.622917e-03,9.99e-16,1.1,
control-c6-vs-p6,control,seed-17,3,two-photon,6.636174e-04,3.007206e-03,4.44e-16,1.1,
control-c6-vs-p6,control,seed-17,4,two-photon,8.090395e-04,2.916362e-03,6.66e-16,1.4,
control-k15-vs-p6,control,seed-17,2,two-photon,2.888790e-03,9.494093e-03,9.99e-16,2.7,
control-k15-vs-p6,control,seed-17,3,two-photon,1.236764e-03,7.540059e-03,9.99e-16,3.0,
control-k15-vs-p6,control,seed-17,4,two-photon,1.041816e-03,5.225765e-03,6.66e-16,3.0,
regular-24,1fwl-blind,seed-17,2,two-photon,2.297202e-06,3.445804e-06,1.11e-16,5.4,
regular-24,1fwl-blind,seed-17,3,two-photon,6.279866e-05,3.223645e-04,4.44e-16,5.0,
regular-24,1fwl-blind,seed-17,4,two-photon,2.478345e-04,8.140421e-04,3.33e-16,5.1,
regular-47,1fwl-blind,seed-17,2,two-photon,1.372422e-06,2.058633e-06,1.11e-16,11.9,
regular-47,1fwl-blind,seed-17,3,two-photon,9.784388e-05,4.400769e-04,1.67e-15,11.5,
regular-47,1fwl-blind,seed-17,4,two-photon,6.522749e-05,2.180985e-04,1.78e-15,11.6,
extension-09,1fwl-blind,seed-17,2,two-photon,8.326545e-07,1.248982e-06,1.67e-15,4.4,
extension-09,1fwl-blind,seed-17,3,two-photon,1.488311e-04,6.343493e-04,8.88e-16,4.2,
extension-09,1fwl-blind,seed-17,4,two-photon,2.663312e-04,8.663199e-04,1.22e-15,4.4,
extension-43,1fwl-blind,seed-17,2,two-photon,8.326545e-07,1.248982e-06,1.33e-15,4.2,
extension-43,1fwl-blind,seed-17,3,two-photon,1.504090e-04,6.351796e-04,6.66e-16,4.4,
extension-43,1fwl-blind,seed-17,4,two-photon,1.937455e-04,6.252115e-04,1.33e-15,4.5,
classic-2c3-vs-c6,1fwl-blind,seed-17,2,two-photon,1.409647e-05,2.114470e-05,1.11e-15,1.2,
classic-2c3-vs-c6,1fwl-blind,seed-17,3,two-photon,2.678053e-04,1.220983e-03,4.44e-16,1.6,
classic-2c3-vs-c6,1fwl-blind,seed-17,4,two-photon,1.778472e-03,6.026441e-03,6.66e-16,1.3,
control-c6-vs-p6,control,seed-18,2,two-photon,1.119096e-04,3.597570e-04,8.88e-16,1.1,
control-c6-vs-p6,control,seed-18,3,two-photon,6.885452e-04,2.667540e-03,9.99e-16,1.0,
control-c6-vs-p6,control,seed-18,4,two-photon,2.379363e-04,9.714048e-04,5.55e-16,1.4,
control-k15-vs-p6,control,seed-18,2,two-photon,3.356872e-04,1.298510e-03,9.99e-16,2.6,
control-k15-vs-p6,control,seed-18,3,two-photon,2.068865e-03,1.019137e-02,1.22e-15,2.9,
control-k15-vs-p6,control,seed-18,4,two-photon,1.379036e-03,4.606882e-03,1.22e-15,3.0,
regular-24,1fwl-blind,seed-18,2,two-photon,7.354072e-07,1.103111e-06,1.78e-15,4.9,
regular-24,1fwl-blind,seed-18,3,two-photon,2.544455e-04,1.085736e-03,1.33e-15,4.9,
regular-24,1fwl-blind,seed-18,4,two-photon,1.965359e-04,6.513260e-04,7.77e-16,4.8,
regular-47,1fwl-blind,seed-18,2,two-photon,2.171263e-07,3.256894e-07,1.33e-15,10.3,
regular-47,1fwl-blind,seed-18,3,two-photon,2.341701e-05,1.394476e-04,4.44e-16,10.2,
regular-47,1fwl-blind,seed-18,4,two-photon,5.429643e-05,2.132620e-04,2.22e-15,10.4,
extension-09,1fwl-blind,seed-18,2,two-photon,1.426581e-08,2.139872e-08,1.78e-15,3.9,
extension-09,1fwl-blind,seed-18,3,two-photon,7.022036e-05,2.841434e-04,3.33e-15,4.0,
extension-09,1fwl-blind,seed-18,4,two-photon,2.080607e-04,6.779807e-04,2.00e-15,4.1,
extension-43,1fwl-blind,seed-18,2,two-photon,1.426581e-08,2.139872e-08,1.78e-15,4.0,
extension-43,1fwl-blind,seed-18,3,two-photon,6.991751e-05,2.839720e-04,3.44e-15,3.9,
extension-43,1fwl-blind,seed-18,4,two-photon,4.481672e-05,1.466450e-04,1.33e-15,4.0,
classic-2c3-vs-c6,1fwl-blind,seed-18,2,two-photon,4.512726e-06,6.769089e-06,8.88e-16,1.2,
classic-2c3-vs-c6,1fwl-blind,seed-18,3,two-photon,1.068217e-03,4.776159e-03,9.99e-16,1.4,
classic-2c3-vs-c6,1fwl-blind,seed-18,4,two-photon,2.424589e-03,8.213332e-03,4.44e-16,1.1,
control-c6-vs-p6,control,seed-19,2,two-photon,5.388907e-03,2.015718e-02,1.11e-16,1.0,
control-c6-vs-p6,control,seed-19,3,two-photon,4.373224e-03,1.440501e-02,4.44e-16,1.0,
control-c6-vs-p6,control,seed-19,4,two-photon,2.614253e-03,1.081817e-02,9.99e-16,1.2,
control-k15-vs-p6,control,seed-19,2,two-photon,1.635860e-02,7.100140e-02,1.11e-16,2.3,
control-k15-vs-p6,control,seed-19,3,two-photon,4.570117e-03,1.461683e-02,4.44e-16,2.4,
control-k15-vs-p6,control,seed-19,4,two-photon,5.265960e-03,2.117434e-02,2.22e-15,2.5,
regular-24,1fwl-blind,seed-19,2,two-photon,9.150692e-05,1.372604e-04,4.44e-16,4.3,
regular-24,1fwl-blind,seed-19,3,two-photon,7.193765e-03,2.313000e-02,1.33e-15,4.3,
regular-24,1fwl-blind,seed-19,4,two-photon,5.771539e-03,1.775693e-02,1.55e-15,4.5,
regular-47,1fwl-blind,seed-19,2,two-photon,3.539505e-06,5.309257e-06,3.33e-16,10.3,
regular-47,1fwl-blind,seed-19,3,two-photon,4.379695e-04,2.617118e-03,1.78e-15,10.2,
regular-47,1fwl-blind,seed-19,4,two-photon,6.128372e-04,3.774621e-03,4.44e-16,11.1,
extension-09,1fwl-blind,seed-19,2,two-photon,3.291526e-05,4.937289e-05,1.33e-15,4.1,
extension-09,1fwl-blind,seed-19,3,two-photon,2.154519e-03,6.781388e-03,4.44e-15,3.9,
extension-09,1fwl-blind,seed-19,4,two-photon,1.631512e-03,5.557214e-03,5.55e-16,3.9,
extension-43,1fwl-blind,seed-19,2,two-photon,3.291526e-05,4.937289e-05,1.11e-15,3.7,
extension-43,1fwl-blind,seed-19,3,two-photon,2.278377e-03,6.844579e-03,4.00e-15,3.8,
extension-43,1fwl-blind,seed-19,4,two-photon,4.179366e-03,1.198093e-02,1.33e-15,4.0,
classic-2c3-vs-c6,1fwl-blind,seed-19,2,two-photon,5.615197e-04,8.422796e-04,0.00e+00,1.1,
classic-2c3-vs-c6,1fwl-blind,seed-19,3,two-photon,3.012057e-02,1.019414e-01,2.22e-16,1.3,
classic-2c3-vs-c6,1fwl-blind,seed-19,4,two-photon,1.927204e-03,8.246694e-03,9.99e-16,1.1,
control-c6-vs-p6,control,seed-20,2,two-photon,6.017203e-03,2.349095e-02,4.44e-16,0.9,
control-c6-vs-p6,control,seed-20,3,two-photon,2.263106e-03,8.653914e-03,4.44e-16,0.9,
control-c6-vs-p6,control,seed-20,4,two-photon,2.775008e-03,8.678122e-03,6.66e-16,1.2,
control-k15-vs-p6,control,seed-20,2,two-photon,1.583922e-02,8.299252e-02,4.44e-16,2.2,
control-k15-vs-p6,control,seed-20,3,two-photon,4.547288e-03,2.382392e-02,3.33e-16,2.4,
control-k15-vs-p6,control,seed-20,4,two-photon,6.727030e-03,2.645943e-02,1.11e-15,2.5,
regular-24,1fwl-blind,seed-20,2,two-photon,1.923280e-06,2.884920e-06,1.11e-16,4.3,
regular-24,1fwl-blind,seed-20,3,two-photon,1.062465e-03,3.634568e-03,2.44e-15,4.3,
regular-24,1fwl-blind,seed-20,4,two-photon,4.142740e-04,1.163208e-03,1.22e-15,4.4,
regular-47,1fwl-blind,seed-20,2,two-photon,4.371848e-05,6.557772e-05,4.44e-16,10.5,
regular-47,1fwl-blind,seed-20,3,two-photon,4.581509e-04,1.567238e-03,1.11e-16,10.5,
regular-47,1fwl-blind,seed-20,4,two-photon,2.425817e-04,6.963292e-04,1.33e-15,10.8,
extension-09,1fwl-blind,seed-20,2,two-photon,5.024019e-05,7.536028e-05,6.66e-16,3.7,
extension-09,1fwl-blind,seed-20,3,two-photon,3.303942e-04,1.165519e-03,4.44e-16,3.6,
extension-09,1fwl-blind,seed-20,4,two-photon,2.717070e-04,8.144995e-04,1.33e-15,3.8,
extension-43,1fwl-blind,seed-20,2,two-photon,5.024019e-05,7.536028e-05,7.77e-16,3.7,
extension-43,1fwl-blind,seed-20,3,two-photon,3.516051e-04,1.176340e-03,2.66e-15,3.7,
extension-43,1fwl-blind,seed-20,4,two-photon,2.668834e-04,7.698300e-04,6.66e-16,3.7,
classic-2c3-vs-c6,1fwl-blind,seed-20,2,two-photon,1.180195e-05,1.770292e-05,4.44e-16,1.0,
classic-2c3-vs-c6,1fwl-blind,seed-20,3,two-photon,4.487154e-03,1.599149e-02,4.44e-16,1.2,
classic-2c3-vs-c6,1fwl-blind,seed-20,4,two-photon,1.644663e-03,4.598240e-03,8.88e-16,1.0,
control-c6-vs-p6~relabel,control,canonical,4,two-photon,5.551115e-17,1.194791e-16,6.66e-16,1.2,
control-k15-vs-p6~relabel,control,canonical,4,two-photon,2.081668e-17,6.418477e-17,2.66e-15,3.8,
regular-24~relabel,1fwl-blind,canonical,4,two-photon,1.387779e-17,5.702903e-17,1.89e-15,4.9,
regular-47~relabel,1fwl-blind,canonical,4,two-photon,5.551115e-17,1.252254e-16,3.33e-16,10.2,
extension-09~relabel,1fwl-blind,canonical,4,two-photon,1.110223e-16,5.352164e-16,1.22e-15,3.9,
extension-43~relabel,1fwl-blind,canonical,4,two-photon,2.775558e-16,5.735972e-16,6.66e-16,3.9,
classic-2c3-vs-c6~relabel,1fwl-blind,canonical,4,two-photon,5.551115e-17,1.110223e-16,1.44e-15,1.1,
control-c6-vs-p6~relabel,control,ladder,4,two-photon,5.551115e-17,1.251169e-16,1.55e-15,1.3,
control-k15-vs-p6~relabel,control,ladder,4,two-photon,2.220446e-16,5.386316e-16,6.66e-16,3.9,
regular-24~relabel,1fwl-blind,ladder,4,two-photon,2.081668e-17,7.708677e-17,1.33e-15,4.5,
regular-47~relabel,1fwl-blind,ladder,4,two-photon,1.665335e-16,2.437286e-16,2.44e-15,10.0,
extension-09~relabel,1fwl-blind,ladder,4,two-photon,1.110223e-16,4.101537e-16,5.55e-16,3.8,
extension-43~relabel,1fwl-blind,ladder,4,two-photon,1.665335e-16,4.167673e-16,2.22e-16,3.7,
classic-2c3-vs-c6~relabel,1fwl-blind,ladder,4,two-photon,5.551115e-17,1.249001e-16,2.44e-15,1.1,
control-c6-vs-p6~relabel,control,generic,4,two-photon,2.588629e-03,9.799689e-03,1.22e-15,1.1,
control-k15-vs-p6~relabel,control,generic,4,two-photon,5.551115e-17,1.705450e-16,2.22e-16,3.7,
regular-24~relabel,1fwl-blind,generic,4,two-photon,2.718432e-03,1.399985e-02,9.99e-16,4.3,
regular-47~relabel,1fwl-blind,generic,4,two-photon,3.434844e-03,1.579865e-02,1.33e-15,9.7,
extension-09~relabel,1fwl-blind,generic,4,two-photon,6.680950e-03,1.621519e-02,1.33e-15,3.8,
extension-43~relabel,1fwl-blind,generic,4,two-photon,4.449943e-03,1.601846e-02,2.22e-16,3.6,
classic-2c3-vs-c6~relabel,1fwl-blind,generic,4,two-photon,4.163336e-17,6.245005e-17,1.11e-15,1.0,
control-c6-vs-p6~relabel,control,seed-01,4,two-photon,2.775558e-17,1.118897e-16,1.22e-15,1.0,
control-k15-vs-p6~relabel,control,seed-01,4,two-photon,2.775558e-16,7.923349e-16,2.22e-16,4.1,
regular-24~relabel,1fwl-blind,seed-01,4,two-photon,5.551115e-17,1.671840e-16,1.78e-15,4.2,
regular-47~relabel,1fwl-blind,seed-01,4,two-photon,1.110223e-16,2.984809e-16,2.22e-16,10.0,
extension-09~relabel,1fwl-blind,seed-01,4,two-photon,5.551115e-17,2.849825e-16,1.55e-15,3.8,
extension-43~relabel,1fwl-blind,seed-01,4,two-photon,1.110223e-16,2.604796e-16,4.44e-16,3.8,
classic-2c3-vs-c6~relabel,1fwl-blind,seed-01,4,two-photon,1.387779e-17,5.551115e-17,8.88e-16,1.2,
